[
{"bit_blasted_port_style":"%s_%d",
"boundary_optimize_invert_hier_pins":"false",
"boundary_optimize_invert_hier_pins_renaming_extension":"_BAR",
"delete_unloaded_insts":"true",
"delete_unloaded_seqs":"true",
"driver_for_unloaded_hier_pins":"Z",
"has_resized_timing_model":"false",
"hdl_array_naming_style":"%s[%d]",
"hdl_create_label_for_unlabeled_generate":"true",
"hdl_cse_for_registers":"false",
"hdl_flatten_complex_port":"false",
"hdl_generate_index_style":"%s[%d]",
"hdl_generate_separator":".",
"hdl_instance_array_naming_style":"%s[%d]",
"hdl_interface_separator":"_",
"hdl_keep_first_module_definition":"false",
"hdl_latch_keep_feedback":"false",
"hdl_max_loop_limit":"1024",
"hdl_parameter_naming_style":"_%s%d",
"hdl_preserve_unused_flop":"false",
"hdl_preserve_unused_latch":"false",
"hdl_record_naming_style":"%s[%s]",
"hdl_reg_naming_style":"%s_reg%s",
"init_hdl_search_path":".",
"hdl_unconnected_input_port_value":"0",
"hdl_undriven_output_port_value":"0",
"hdl_undriven_signal_value":"0",
"hdl_use_block_prefix":"true",
"hdl_use_current_dir_before_hdl_search_path":"false",
"hdl_use_for_generate_prefix":"true",
"hdl_use_if_generate_prefix":"true",
"hdl_vhdl_preferred_architecture":"",
"hdl_vname_hier_separator":"/",
"lbr_seq_in_out_phase_opto":"false",
"lef_library":"/proj/cad/library/asap7/asap7sc7p5t_27/techlef_misc/asap7_tech_4x_201209.lef /proj/cad/library/asap7/asap7sc7p5t_27/LEF/scaled/asap7sc7p5t_27_R_4x_201211.lef /proj/cad/library/asap7/asap7sc7p5t_27/LEF/scaled/asap7sc7p5t_27_L_4x_201211.lef /proj/cad/library/asap7/asap7sc7p5t_27/LEF/scaled/asap7sc7p5t_27_SL_4x_201211.lef /proj/cad/library/asap7/asap7sc7p5t_27/LEF/scaled/asap7sc7p5t_27_SRAM_4x_201211.lef /home/eng/t/txg150930/workspace/ASIC/Memory/lef/SRAM1RW128x12_x4.lef /home/eng/t/txg150930/workspace/ASIC/Memory/lef/SRAM1RW256x8_x4.lef /home/eng/t/txg150930/workspace/ASIC/Memory/lef/SRAM2RW16x8_x4.lef",
"init_lib_search_path":". /proj/cad/cadence/genus_19.14.000/tools/lib/tech",
"lib_search_path":". /proj/cad/cadence/genus_19.14.000/tools/lib/tech",
"lp_clock_gating_auto_control":"none",
"lp_insert_clock_gating":"false",
"multibit_prefix_string":"CDN_MBIT_",
"multibit_seqs_name_concat_string":"_MB_",
"optimize_seq_x_to":"0",
"program_version":"19.14-s108_1",
"ungroup_separator":"_",
"wlec_add_golden_driver_info":"true",
"wlec_add_noblack_box_retime_subdesign":"true",
"wlec_analyze_abort":"false",
"wlec_analyze_module_partial_sum":"false",
"wlec_analyze_setup":"false",
"wlec_cg_declone_hier_compare":"true",
"wlec_cut_point":"none",
"wlec_g1_has_iso_inserted":"false",
"wlec_hier_comp_threshold":"50",
"wlec_keep_top_level_constraints":"false",
"wlec_lib_statetable":"true",
"wlec_ncprotect_keydb":"true",
"wlec_one_hot_mux":"false",
"wlec_pre_compare":"",
"wlec_pre_design_read":"",
"wlec_pre_exit":"",
"wlec_pre_read":"",
"wlec_post_add_notranslate_modules":"",
"wlec_verbose":"false",
"wlec_retime_module_uniquify":"true",
"wlec_rtl_top":"",
"wlec_set_cdn_synth_root":"false",
"wlec_uniquify":"true",
"wlec_use_constant_function_timing_model":"true",
"wlec_use_cpf_for_library":"true",
"wlec_use_extconst":"false",
"wlec_use_io_pad":"true",
"wlec_use_lec_model":"true",
"wlec_write_cpf_lp_ec_flow":"true",
"write_vlog_bit_blast_mapped_ports":"false",
"write_vlog_convert_onebit_vector_to_scalar":"false",
"hdl_convert_onebit_vector_to_scalar":"false",
"write_vlog_no_negative_index":"false",
"wlec_auto_analyze":"true",
"wlec_checkpoint":"",
"wlec_compare_threads":"4",
"wlec_ignore_ovf":"false",
"wlec_parallel_threads":"4",
"use_abstract_models":"false",
"wlec_stop_after_syn_eqn_mismatch":"false",
"write_vlog_empty_module_for_black_box":"false",
"hdl_allow_inout_const_port_connect":"false",
"hdl_allow_instance_name_conflict":"false",
"hdl_append_generic_ports":"true",
"hdl_async_set_reset":"",
"hdl_auto_async_set_reset":"false",
"hdl_auto_exec_sdc_scripts":"true",
"hdl_auto_sync_set_reset":"true",
"hdl_bidirectional_assign":"false",
"hdl_bidirectional_wand_wor_assign":"false",
"hdl_bus_wire_naming_style":"%s[%d]",
"hdl_case_mux_threshold":"2",
"hdl_case_sensitive_instances":"none",
"hdl_decimal_parameter_name":"false",
"hdl_delete_transparent_latch":"true",
"hdl_enable_proc_name":"false",
"hdl_ff_keep_explicit_feedback":"true",
"hdl_ff_keep_feedback":"false",
"hdl_ignore_pragma_names":"coverage",
"hdl_index_mux_threshold":"8",
"hdl_infer_unresolved_from_logic_abstract":"true",
"hdl_link_from_any_lib":"true",
"hdl_max_map_to_mux_control_width":"10",
"hdl_max_memory_address_range":"16384",
"hdl_max_recursion_limit":"1024",
"hdl_nc_compatible_module_linking":"true",
"hdl_overwrite_command_line_macros":"true",
"hdl_preserve_async_sr_priority_logic":"false",
"hdl_preserve_dangling_output_nets":"true",
"hdl_preserve_supply_nets":"true",
"hdl_preserve_sync_ctrl_logic":"false",
"hdl_preserve_sync_set_reset":"false",
"hdl_preserve_unused_registers":"false",
"hdl_primitive_input_multibit":"false",
"hdl_rename_cdn_flop_pins":"",
"hdl_report_case_info":"false",
"hdl_resolve_instance_with_libcell":"false",
"hdl_resolve_parameterized_instance_with_structural_module":"false",
"hdl_sv_module_wrapper":"false",
"hdl_sync_set_reset":"",
"hdl_track_filename_row_col":"false",
"hdl_track_module_elab_memory_and_runtime":"false",
"hdl_unconnected_value":"0",
"hdl_use_cw_first":"false",
"hdl_use_default_parameter_values_in_design_name":"false",
"hdl_use_default_parameter_values_in_name":"false",
"hdl_use_parameterized_module_by_name":"false",
"hdl_use_params_in_cell_search":"true",
"hdl_use_port_default_value":"true",
"hdl_verilog_defines":"SYNTHESIS",
"hdl_vhdl_assign_width_mismatch":"false",
"hdl_vhdl_case":"original",
"hdl_vhdl_environment":"common",
"hdl_vhdl_lrm_compliance":"false",
"hdl_vhdl_range_opto":"false",
"hdl_vhdl_read_version":"1993",
"hdl_zero_replicate_is_null":"true",
"multibit_allow_unused_bits":"true",
"multibit_auto_exclude_registers_with_exceptions":"false",
"multibit_cells_from_different_busses":"true",
"multibit_predefined_allow_unused_bits":"false",
"multibit_preserve_inferred_instances":"false",
"multibit_preserved_net_check":"false",
"multibit_seqs_instance_naming_style":"concat",
"multibit_seqs_members_naming_style":"%s%d %s%d_reg %s_%d_ %s_%d_reg {%s[%d]} {%s[%d]_reg}",
"multibit_short_prefix_string":"_CDN_CPX_",
"multibit_split_string":"_split_",
"multibit_unused_input_value":"0",
"wlec_composite_compare":"true",
"wlec_dft_constraint_file":"",
"wlec_no_exit":"false",
"wlec_old_lp_ec_flow":"false",
"wlec_write_name_mapping_file":"false",
"wlec_skip_iso_check_hier_compare":"false",
"wlec_skip_lvl_check_hier_compare":"false",
"optimize_constant_feedback_seqs":"true",
"optimize_constant_0_flops":"true",
"wlec_run_hier_check_noneq":"false",
"optimize_constant_1_flops":"true",
"optimize_merge_flops":"true",
"optimize_constant_latches":"true",
"optimize_merge_latches":"true",
"iopt_sequential_duplication":"false",
"iopt_sequential_resynthesis":"true",
"wlec_use_smart_lec":"false",
"wlec_gzip_fv_json":"false",
"wlec_multithread_license_list":"",
"wlec_name_for_alias_flow":"original_name",
"wlec_alias_flow":"true",
"wlec_mapping_file_flow":"true",
"wlec_checkpoint_equations_only":"false",
"wlec_rtl_names_flow":"false",
"wlec_rtl_name_mapping_flow":"false",
"wlec_use_analyze_results":"true",
"wlec_low_power_analysis":"false",
"wlec_write_lec_flow_auto_submit":"false",
"wlec_analyze_dp_flowgraph":"true",
"program_name":"Genus(TM) Synthesis Solution",
"hdl_unconnected_value":"0",
"hdl_unconnected_marking_done":"true",
"hdl_language":"v2001",
"iopt_sequential_resynthesis_min_effort":"high",
"object":"/",
"type":"root"},
{"commit_cpf_done":"false",
"hdl_filelist":"{default -sv {SYNTHESIS} {/home/013/h/hx/hxs230028/verilog_design/Pipeline_Multiplier_Design.v} {} {}}",
"hdl_user_name":"pipeline_multi_4in_32bit",
"is_retimed":"false",
"lp_clock_gating_style":"latch",
"pi_commit_done":"false",
"seq_reason_deleted":"{{g_outM_reg[64]} {{constant 0}}} {{g_outM_reg[65]} {{constant 0}}} {{g_outM_reg[66]} {{constant 0}}} {{g_outM_reg[67]} {{constant 0}}} {{g_outM_reg[68]} {{constant 0}}} {{g_outM_reg[69]} {{constant 0}}} {{g_outM_reg[70]} {{constant 0}}} {{g_outM_reg[71]} {{constant 0}}} {{g_outM_reg[72]} {{constant 0}}} {{g_outM_reg[73]} {{constant 0}}} {{g_outM_reg[74]} {{constant 0}}} {{g_outM_reg[75]} {{constant 0}}} {{g_outM_reg[76]} {{constant 0}}} {{g_outM_reg[77]} {{constant 0}}} {{g_outM_reg[78]} {{constant 0}}} {{g_outM_reg[79]} {{constant 0}}} {{g_outM_reg[80]} {{constant 0}}} {{g_outM_reg[81]} {{constant 0}}} {{g_outM_reg[82]} {{constant 0}}} {{g_outM_reg[83]} {{constant 0}}} {{g_outM_reg[84]} {{constant 0}}} {{g_outM_reg[85]} {{constant 0}}} {{g_outM_reg[86]} {{constant 0}}} {{g_outM_reg[87]} {{constant 0}}} {{g_outM_reg[88]} {{constant 0}}} {{g_outM_reg[89]} {{constant 0}}} {{g_outM_reg[90]} {{constant 0}}} {{g_outM_reg[91]} {{constant 0}}} {{g_outM_reg[92]} {{constant 0}}} {{g_outM_reg[93]} {{constant 0}}} {{g_outM_reg[94]} {{constant 0}}} {{g_outM_reg[95]} {{constant 0}}} {{g_outM_reg[96]} {{constant 0}}} {{g_outM_reg[97]} {{constant 0}}} {{g_outM_reg[98]} {{constant 0}}} {{g_outM_reg[99]} {{constant 0}}} {{g_outM_reg[100]} {{constant 0}}} {{g_outM_reg[101]} {{constant 0}}} {{g_outM_reg[102]} {{constant 0}}} {{g_outM_reg[103]} {{constant 0}}} {{g_outM_reg[104]} {{constant 0}}} {{g_outM_reg[105]} {{constant 0}}} {{g_outM_reg[106]} {{constant 0}}} {{g_outM_reg[107]} {{constant 0}}} {{g_outM_reg[108]} {{constant 0}}} {{g_outM_reg[109]} {{constant 0}}} {{g_outM_reg[110]} {{constant 0}}} {{g_outM_reg[111]} {{constant 0}}} {{g_outM_reg[112]} {{constant 0}}} {{g_outM_reg[113]} {{constant 0}}} {{g_outM_reg[114]} {{constant 0}}} {{g_outM_reg[115]} {{constant 0}}} {{g_outM_reg[116]} {{constant 0}}} {{g_outM_reg[117]} {{constant 0}}} {{g_outM_reg[118]} {{constant 0}}} {{g_outM_reg[119]} {{constant 0}}} {{g_outM_reg[120]} {{constant 0}}} {{g_outM_reg[121]} {{constant 0}}} {{g_outM_reg[122]} {{constant 0}}} {{g_outM_reg[123]} {{constant 0}}} {{g_outM_reg[124]} {{constant 0}}} {{g_outM_reg[125]} {{constant 0}}} {{g_outM_reg[126]} {{constant 0}}} {{g_outM_reg[127]} {{constant 0}}}",
"seq_reason_deleted_rtl":"{{g_outM[64]} {{constant 0}}} {{g_outM[65]} {{constant 0}}} {{g_outM[66]} {{constant 0}}} {{g_outM[67]} {{constant 0}}} {{g_outM[68]} {{constant 0}}} {{g_outM[69]} {{constant 0}}} {{g_outM[70]} {{constant 0}}} {{g_outM[71]} {{constant 0}}} {{g_outM[72]} {{constant 0}}} {{g_outM[73]} {{constant 0}}} {{g_outM[74]} {{constant 0}}} {{g_outM[75]} {{constant 0}}} {{g_outM[76]} {{constant 0}}} {{g_outM[77]} {{constant 0}}} {{g_outM[78]} {{constant 0}}} {{g_outM[79]} {{constant 0}}} {{g_outM[80]} {{constant 0}}} {{g_outM[81]} {{constant 0}}} {{g_outM[82]} {{constant 0}}} {{g_outM[83]} {{constant 0}}} {{g_outM[84]} {{constant 0}}} {{g_outM[85]} {{constant 0}}} {{g_outM[86]} {{constant 0}}} {{g_outM[87]} {{constant 0}}} {{g_outM[88]} {{constant 0}}} {{g_outM[89]} {{constant 0}}} {{g_outM[90]} {{constant 0}}} {{g_outM[91]} {{constant 0}}} {{g_outM[92]} {{constant 0}}} {{g_outM[93]} {{constant 0}}} {{g_outM[94]} {{constant 0}}} {{g_outM[95]} {{constant 0}}} {{g_outM[96]} {{constant 0}}} {{g_outM[97]} {{constant 0}}} {{g_outM[98]} {{constant 0}}} {{g_outM[99]} {{constant 0}}} {{g_outM[100]} {{constant 0}}} {{g_outM[101]} {{constant 0}}} {{g_outM[102]} {{constant 0}}} {{g_outM[103]} {{constant 0}}} {{g_outM[104]} {{constant 0}}} {{g_outM[105]} {{constant 0}}} {{g_outM[106]} {{constant 0}}} {{g_outM[107]} {{constant 0}}} {{g_outM[108]} {{constant 0}}} {{g_outM[109]} {{constant 0}}} {{g_outM[110]} {{constant 0}}} {{g_outM[111]} {{constant 0}}} {{g_outM[112]} {{constant 0}}} {{g_outM[113]} {{constant 0}}} {{g_outM[114]} {{constant 0}}} {{g_outM[115]} {{constant 0}}} {{g_outM[116]} {{constant 0}}} {{g_outM[117]} {{constant 0}}} {{g_outM[118]} {{constant 0}}} {{g_outM[119]} {{constant 0}}} {{g_outM[120]} {{constant 0}}} {{g_outM[121]} {{constant 0}}} {{g_outM[122]} {{constant 0}}} {{g_outM[123]} {{constant 0}}} {{g_outM[124]} {{constant 0}}} {{g_outM[125]} {{constant 0}}} {{g_outM[126]} {{constant 0}}} {{g_outM[127]} {{constant 0}}}",
"state":"mapped",
"obsolete_state":"mapped",
"verification_directory":"fv/pipeline_multi_4in_32bit",
"has_dp_shared_gint":"false",
"has_dp_rewrite_gint":"false",
"object":"/designs/pipeline_multi_4in_32bit",
"type":"design"},
{"checkpoint_equation":"\"assign Z = $unsigned(A) * $unsigned(B);\"",
"logical_hier":"false",
"instances":"/designs/pipeline_multi_4in_32bit/instances_hier/mul_19_25 /designs/pipeline_multi_4in_32bit/instances_hier/mul_27_25",
"has_dp_shared_gint":"false",
"has_dp_rewrite_gint":"false",
"sub_arch":"radix8",
"object":"/designs/pipeline_multi_4in_32bit/subdesigns/mult_unsigned",
"type":"subdesign"},
{"checkpoint_equation":"\"assign Z = $unsigned(A) * $unsigned(B);\"",
"logical_hier":"false",
"instances":"/designs/pipeline_multi_4in_32bit/instances_hier/mul_35_32",
"has_dp_shared_gint":"false",
"has_dp_rewrite_gint":"false",
"sub_arch":"radix8",
"object":"/designs/pipeline_multi_4in_32bit/subdesigns/mult_unsigned_2431",
"type":"subdesign"},
{"files":"/proj/cad/library/asap7/asap7sc7p5t_27/LIB/NLDM/asap7sc7p5t_SIMPLE_RVT_SS_nldm_201020.lib",
"object":"/libraries/library_domains/PVT_0P63V_100C.setup_cond/asap7sc7p5t_SIMPLE_RVT_SS_nldm_201020",
"type":"library"},
{"files":"/proj/cad/library/asap7/asap7sc7p5t_27/LIB/NLDM/asap7sc7p5t_SIMPLE_LVT_SS_nldm_201020.lib",
"object":"/libraries/library_domains/PVT_0P63V_100C.setup_cond/asap7sc7p5t_SIMPLE_LVT_SS_nldm_201020",
"type":"library"},
{"files":"/proj/cad/library/asap7/asap7sc7p5t_27/LIB/NLDM/asap7sc7p5t_SIMPLE_SLVT_SS_nldm_201020.lib",
"object":"/libraries/library_domains/PVT_0P63V_100C.setup_cond/asap7sc7p5t_SIMPLE_SLVT_SS_nldm_201020",
"type":"library"},
{"files":"/proj/cad/library/asap7/asap7sc7p5t_27/LIB/NLDM/asap7sc7p5t_SIMPLE_SRAM_SS_nldm_201020.lib",
"object":"/libraries/library_domains/PVT_0P63V_100C.setup_cond/asap7sc7p5t_SIMPLE_SRAM_SS_nldm_201020",
"type":"library"},
{"files":"/proj/cad/library/asap7/asap7sc7p5t_27/LIB/NLDM/asap7sc7p5t_AO_RVT_SS_nldm_201020.lib",
"object":"/libraries/library_domains/PVT_0P63V_100C.setup_cond/asap7sc7p5t_AO_RVT_SS_nldm_201020",
"type":"library"},
{"files":"/proj/cad/library/asap7/asap7sc7p5t_27/LIB/NLDM/asap7sc7p5t_AO_LVT_SS_nldm_201020.lib",
"object":"/libraries/library_domains/PVT_0P63V_100C.setup_cond/asap7sc7p5t_AO_LVT_SS_nldm_201020",
"type":"library"},
{"files":"/proj/cad/library/asap7/asap7sc7p5t_27/LIB/NLDM/asap7sc7p5t_AO_SLVT_SS_nldm_201020.lib",
"object":"/libraries/library_domains/PVT_0P63V_100C.setup_cond/asap7sc7p5t_AO_SLVT_SS_nldm_201020",
"type":"library"},
{"files":"/proj/cad/library/asap7/asap7sc7p5t_27/LIB/NLDM/asap7sc7p5t_AO_SRAM_SS_nldm_201020.lib",
"object":"/libraries/library_domains/PVT_0P63V_100C.setup_cond/asap7sc7p5t_AO_SRAM_SS_nldm_201020",
"type":"library"},
{"files":"/proj/cad/library/asap7/asap7sc7p5t_27/LIB/NLDM/asap7sc7p5t_OA_RVT_SS_nldm_201020.lib",
"object":"/libraries/library_domains/PVT_0P63V_100C.setup_cond/asap7sc7p5t_OA_RVT_SS_nldm_201020",
"type":"library"},
{"files":"/proj/cad/library/asap7/asap7sc7p5t_27/LIB/NLDM/asap7sc7p5t_OA_LVT_SS_nldm_201020.lib",
"object":"/libraries/library_domains/PVT_0P63V_100C.setup_cond/asap7sc7p5t_OA_LVT_SS_nldm_201020",
"type":"library"},
{"files":"/proj/cad/library/asap7/asap7sc7p5t_27/LIB/NLDM/asap7sc7p5t_OA_SLVT_SS_nldm_201020.lib",
"object":"/libraries/library_domains/PVT_0P63V_100C.setup_cond/asap7sc7p5t_OA_SLVT_SS_nldm_201020",
"type":"library"},
{"files":"/proj/cad/library/asap7/asap7sc7p5t_27/LIB/NLDM/asap7sc7p5t_OA_SRAM_SS_nldm_201020.lib",
"object":"/libraries/library_domains/PVT_0P63V_100C.setup_cond/asap7sc7p5t_OA_SRAM_SS_nldm_201020",
"type":"library"},
{"files":"/proj/cad/library/asap7/asap7sc7p5t_27/LIB/NLDM/asap7sc7p5t_SEQ_RVT_SS_nldm_201020.lib",
"object":"/libraries/library_domains/PVT_0P63V_100C.setup_cond/asap7sc7p5t_SEQ_RVT_SS_nldm_201020",
"type":"library"},
{"files":"/proj/cad/library/asap7/asap7sc7p5t_27/LIB/NLDM/asap7sc7p5t_SEQ_LVT_SS_nldm_201020.lib",
"object":"/libraries/library_domains/PVT_0P63V_100C.setup_cond/asap7sc7p5t_SEQ_LVT_SS_nldm_201020",
"type":"library"},
{"files":"/proj/cad/library/asap7/asap7sc7p5t_27/LIB/NLDM/asap7sc7p5t_SEQ_SLVT_SS_nldm_201020.lib",
"object":"/libraries/library_domains/PVT_0P63V_100C.setup_cond/asap7sc7p5t_SEQ_SLVT_SS_nldm_201020",
"type":"library"},
{"files":"/proj/cad/library/asap7/asap7sc7p5t_27/LIB/NLDM/asap7sc7p5t_SEQ_SRAM_SS_nldm_201020.lib",
"object":"/libraries/library_domains/PVT_0P63V_100C.setup_cond/asap7sc7p5t_SEQ_SRAM_SS_nldm_201020",
"type":"library"},
{"files":"/proj/cad/library/asap7/asap7sc7p5t_27/LIB/NLDM/asap7sc7p5t_INVBUF_RVT_SS_nldm_201020.lib",
"object":"/libraries/library_domains/PVT_0P63V_100C.setup_cond/asap7sc7p5t_INVBUF_RVT_SS_nldm_201020",
"type":"library"},
{"files":"/proj/cad/library/asap7/asap7sc7p5t_27/LIB/NLDM/asap7sc7p5t_INVBUF_LVT_SS_nldm_201020.lib",
"object":"/libraries/library_domains/PVT_0P63V_100C.setup_cond/asap7sc7p5t_INVBUF_LVT_SS_nldm_201020",
"type":"library"},
{"files":"/proj/cad/library/asap7/asap7sc7p5t_27/LIB/NLDM/asap7sc7p5t_INVBUF_SLVT_SS_nldm_201020.lib",
"object":"/libraries/library_domains/PVT_0P63V_100C.setup_cond/asap7sc7p5t_INVBUF_SLVT_SS_nldm_201020",
"type":"library"},
{"files":"/proj/cad/library/asap7/asap7sc7p5t_27/LIB/NLDM/asap7sc7p5t_INVBUF_SRAM_SS_nldm_201020.lib",
"object":"/libraries/library_domains/PVT_0P63V_100C.setup_cond/asap7sc7p5t_INVBUF_SRAM_SS_nldm_201020",
"type":"library"},
{"files":"/home/eng/t/txg150930/workspace/ASIC/Memory/lib/SRAM1RW128x12_lib/SRAM1RW128x12_PVT_0P63V_100C.lib",
"object":"/libraries/library_domains/PVT_0P63V_100C.setup_cond/SRAM1RW128x12_PVT_0P63V_100C",
"type":"library"},
{"files":"/home/eng/t/txg150930/workspace/ASIC/Memory/lib/SRAM1RW256x8_lib/SRAM1RW256x8_PVT_0P63V_100C.lib",
"object":"/libraries/library_domains/PVT_0P63V_100C.setup_cond/SRAM1RW256x8_PVT_0P63V_100C",
"type":"library"},
{"files":"/home/eng/t/txg150930/workspace/ASIC/Memory/lib/SRAM2RW16x8_lib/SRAM2RW16x8_PVT_0P63V_100C.lib",
"object":"/libraries/library_domains/PVT_0P63V_100C.setup_cond/SRAM2RW16x8_PVT_0P63V_100C",
"type":"library"},
{"sequential":"true",
"gint_phase_inversion":"false",
"latch":"false",
"object":"/designs/pipeline_multi_4in_32bit/instances_seq/g_outM_reg[63]",
"type":"instance"},
{"sequential":"true",
"gint_phase_inversion":"false",
"latch":"false",
"object":"/designs/pipeline_multi_4in_32bit/instances_seq/g_outM_reg[61]",
"type":"instance"},
{"sequential":"true",
"gint_phase_inversion":"false",
"latch":"false",
"object":"/designs/pipeline_multi_4in_32bit/instances_seq/g_outM_reg[57]",
"type":"instance"},
{"sequential":"true",
"gint_phase_inversion":"false",
"latch":"false",
"object":"/designs/pipeline_multi_4in_32bit/instances_seq/g_outM_reg[49]",
"type":"instance"},
{"sequential":"true",
"gint_phase_inversion":"false",
"latch":"false",
"object":"/designs/pipeline_multi_4in_32bit/instances_seq/g_outM_reg[33]",
"type":"instance"},
{"sequential":"true",
"gint_phase_inversion":"false",
"latch":"false",
"object":"/designs/pipeline_multi_4in_32bit/instances_seq/g_outM_reg[1]",
"type":"instance"},
{"sequential":"true",
"gint_phase_inversion":"false",
"latch":"false",
"object":"/designs/pipeline_multi_4in_32bit/instances_seq/g_outM_reg[0]",
"type":"instance"},
{"sequential":"true",
"gint_phase_inversion":"false",
"latch":"false",
"object":"/designs/pipeline_multi_4in_32bit/instances_seq/g_outM_reg[32]",
"type":"instance"},
{"sequential":"true",
"gint_phase_inversion":"false",
"latch":"false",
"object":"/designs/pipeline_multi_4in_32bit/instances_seq/g_outM_reg[48]",
"type":"instance"},
{"sequential":"true",
"gint_phase_inversion":"false",
"latch":"false",
"object":"/designs/pipeline_multi_4in_32bit/instances_seq/g_outM_reg[31]",
"type":"instance"},
{"sequential":"true",
"gint_phase_inversion":"false",
"latch":"false",
"object":"/designs/pipeline_multi_4in_32bit/instances_seq/g_outM_reg[30]",
"type":"instance"},
{"sequential":"true",
"gint_phase_inversion":"false",
"latch":"false",
"object":"/designs/pipeline_multi_4in_32bit/instances_seq/g_outM_reg[56]",
"type":"instance"},
{"sequential":"true",
"gint_phase_inversion":"false",
"latch":"false",
"object":"/designs/pipeline_multi_4in_32bit/instances_seq/g_outM_reg[47]",
"type":"instance"},
{"sequential":"true",
"gint_phase_inversion":"false",
"latch":"false",
"object":"/designs/pipeline_multi_4in_32bit/instances_seq/g_outM_reg[29]",
"type":"instance"},
{"sequential":"true",
"gint_phase_inversion":"false",
"latch":"false",
"object":"/designs/pipeline_multi_4in_32bit/instances_seq/g_outM_reg[28]",
"type":"instance"},
{"sequential":"true",
"gint_phase_inversion":"false",
"latch":"false",
"object":"/designs/pipeline_multi_4in_32bit/instances_seq/g_outM_reg[46]",
"type":"instance"},
{"sequential":"true",
"gint_phase_inversion":"false",
"latch":"false",
"object":"/designs/pipeline_multi_4in_32bit/instances_seq/g_outM_reg[27]",
"type":"instance"},
{"sequential":"true",
"gint_phase_inversion":"false",
"latch":"false",
"object":"/designs/pipeline_multi_4in_32bit/instances_seq/g_outM_reg[26]",
"type":"instance"},
{"sequential":"true",
"gint_phase_inversion":"false",
"latch":"false",
"object":"/designs/pipeline_multi_4in_32bit/instances_seq/g_outM_reg[60]",
"type":"instance"},
{"sequential":"true",
"gint_phase_inversion":"false",
"latch":"false",
"object":"/designs/pipeline_multi_4in_32bit/instances_seq/g_outM_reg[55]",
"type":"instance"},
{"sequential":"true",
"gint_phase_inversion":"false",
"latch":"false",
"object":"/designs/pipeline_multi_4in_32bit/instances_seq/g_outM_reg[45]",
"type":"instance"},
{"sequential":"true",
"gint_phase_inversion":"false",
"latch":"false",
"object":"/designs/pipeline_multi_4in_32bit/instances_seq/g_outM_reg[25]",
"type":"instance"},
{"sequential":"true",
"gint_phase_inversion":"false",
"latch":"false",
"object":"/designs/pipeline_multi_4in_32bit/instances_seq/g_outM_reg[24]",
"type":"instance"},
{"sequential":"true",
"gint_phase_inversion":"false",
"latch":"false",
"object":"/designs/pipeline_multi_4in_32bit/instances_seq/g_outM_reg[44]",
"type":"instance"},
{"sequential":"true",
"gint_phase_inversion":"false",
"latch":"false",
"object":"/designs/pipeline_multi_4in_32bit/instances_seq/g_outM_reg[23]",
"type":"instance"},
{"sequential":"true",
"gint_phase_inversion":"false",
"latch":"false",
"object":"/designs/pipeline_multi_4in_32bit/instances_seq/g_outM_reg[22]",
"type":"instance"},
{"sequential":"true",
"gint_phase_inversion":"false",
"latch":"false",
"object":"/designs/pipeline_multi_4in_32bit/instances_seq/g_outM_reg[54]",
"type":"instance"},
{"sequential":"true",
"gint_phase_inversion":"false",
"latch":"false",
"object":"/designs/pipeline_multi_4in_32bit/instances_seq/g_outM_reg[43]",
"type":"instance"},
{"sequential":"true",
"gint_phase_inversion":"false",
"latch":"false",
"object":"/designs/pipeline_multi_4in_32bit/instances_seq/g_outM_reg[21]",
"type":"instance"},
{"sequential":"true",
"gint_phase_inversion":"false",
"latch":"false",
"object":"/designs/pipeline_multi_4in_32bit/instances_seq/g_outM_reg[20]",
"type":"instance"},
{"sequential":"true",
"gint_phase_inversion":"false",
"latch":"false",
"object":"/designs/pipeline_multi_4in_32bit/instances_seq/g_outM_reg[42]",
"type":"instance"},
{"sequential":"true",
"gint_phase_inversion":"false",
"latch":"false",
"object":"/designs/pipeline_multi_4in_32bit/instances_seq/g_outM_reg[19]",
"type":"instance"},
{"sequential":"true",
"gint_phase_inversion":"false",
"latch":"false",
"object":"/designs/pipeline_multi_4in_32bit/instances_seq/g_outM_reg[18]",
"type":"instance"},
{"sequential":"true",
"gint_phase_inversion":"false",
"latch":"false",
"object":"/designs/pipeline_multi_4in_32bit/instances_seq/g_outM_reg[62]",
"type":"instance"},
{"sequential":"true",
"gint_phase_inversion":"false",
"latch":"false",
"object":"/designs/pipeline_multi_4in_32bit/instances_seq/g_outM_reg[59]",
"type":"instance"},
{"sequential":"true",
"gint_phase_inversion":"false",
"latch":"false",
"object":"/designs/pipeline_multi_4in_32bit/instances_seq/g_outM_reg[53]",
"type":"instance"},
{"sequential":"true",
"gint_phase_inversion":"false",
"latch":"false",
"object":"/designs/pipeline_multi_4in_32bit/instances_seq/g_outM_reg[41]",
"type":"instance"},
{"sequential":"true",
"gint_phase_inversion":"false",
"latch":"false",
"object":"/designs/pipeline_multi_4in_32bit/instances_seq/g_outM_reg[17]",
"type":"instance"},
{"sequential":"true",
"gint_phase_inversion":"false",
"latch":"false",
"object":"/designs/pipeline_multi_4in_32bit/instances_seq/g_outM_reg[16]",
"type":"instance"},
{"sequential":"true",
"gint_phase_inversion":"false",
"latch":"false",
"object":"/designs/pipeline_multi_4in_32bit/instances_seq/g_outM_reg[40]",
"type":"instance"},
{"sequential":"true",
"gint_phase_inversion":"false",
"latch":"false",
"object":"/designs/pipeline_multi_4in_32bit/instances_seq/g_outM_reg[15]",
"type":"instance"},
{"sequential":"true",
"gint_phase_inversion":"false",
"latch":"false",
"object":"/designs/pipeline_multi_4in_32bit/instances_seq/g_outM_reg[14]",
"type":"instance"},
{"sequential":"true",
"gint_phase_inversion":"false",
"latch":"false",
"object":"/designs/pipeline_multi_4in_32bit/instances_seq/g_outM_reg[52]",
"type":"instance"},
{"sequential":"true",
"gint_phase_inversion":"false",
"latch":"false",
"object":"/designs/pipeline_multi_4in_32bit/instances_seq/g_outM_reg[39]",
"type":"instance"},
{"sequential":"true",
"gint_phase_inversion":"false",
"latch":"false",
"object":"/designs/pipeline_multi_4in_32bit/instances_seq/g_outM_reg[13]",
"type":"instance"},
{"sequential":"true",
"gint_phase_inversion":"false",
"latch":"false",
"object":"/designs/pipeline_multi_4in_32bit/instances_seq/g_outM_reg[12]",
"type":"instance"},
{"sequential":"true",
"gint_phase_inversion":"false",
"latch":"false",
"object":"/designs/pipeline_multi_4in_32bit/instances_seq/g_outM_reg[38]",
"type":"instance"},
{"sequential":"true",
"gint_phase_inversion":"false",
"latch":"false",
"object":"/designs/pipeline_multi_4in_32bit/instances_seq/g_outM_reg[11]",
"type":"instance"},
{"sequential":"true",
"gint_phase_inversion":"false",
"latch":"false",
"object":"/designs/pipeline_multi_4in_32bit/instances_seq/g_outM_reg[10]",
"type":"instance"},
{"sequential":"true",
"gint_phase_inversion":"false",
"latch":"false",
"object":"/designs/pipeline_multi_4in_32bit/instances_seq/g_outM_reg[58]",
"type":"instance"},
{"sequential":"true",
"gint_phase_inversion":"false",
"latch":"false",
"object":"/designs/pipeline_multi_4in_32bit/instances_seq/g_outM_reg[51]",
"type":"instance"},
{"sequential":"true",
"gint_phase_inversion":"false",
"latch":"false",
"object":"/designs/pipeline_multi_4in_32bit/instances_seq/g_outM_reg[37]",
"type":"instance"},
{"sequential":"true",
"gint_phase_inversion":"false",
"latch":"false",
"object":"/designs/pipeline_multi_4in_32bit/instances_seq/g_outM_reg[9]",
"type":"instance"},
{"sequential":"true",
"gint_phase_inversion":"false",
"latch":"false",
"object":"/designs/pipeline_multi_4in_32bit/instances_seq/g_outM_reg[8]",
"type":"instance"},
{"sequential":"true",
"gint_phase_inversion":"false",
"latch":"false",
"object":"/designs/pipeline_multi_4in_32bit/instances_seq/g_outM_reg[36]",
"type":"instance"},
{"sequential":"true",
"gint_phase_inversion":"false",
"latch":"false",
"object":"/designs/pipeline_multi_4in_32bit/instances_seq/g_outM_reg[7]",
"type":"instance"},
{"sequential":"true",
"gint_phase_inversion":"false",
"latch":"false",
"object":"/designs/pipeline_multi_4in_32bit/instances_seq/g_outM_reg[6]",
"type":"instance"},
{"sequential":"true",
"gint_phase_inversion":"false",
"latch":"false",
"object":"/designs/pipeline_multi_4in_32bit/instances_seq/g_outM_reg[50]",
"type":"instance"},
{"sequential":"true",
"gint_phase_inversion":"false",
"latch":"false",
"object":"/designs/pipeline_multi_4in_32bit/instances_seq/g_outM_reg[35]",
"type":"instance"},
{"sequential":"true",
"gint_phase_inversion":"false",
"latch":"false",
"object":"/designs/pipeline_multi_4in_32bit/instances_seq/g_outM_reg[5]",
"type":"instance"},
{"sequential":"true",
"gint_phase_inversion":"false",
"latch":"false",
"object":"/designs/pipeline_multi_4in_32bit/instances_seq/g_outM_reg[4]",
"type":"instance"},
{"sequential":"true",
"gint_phase_inversion":"false",
"latch":"false",
"object":"/designs/pipeline_multi_4in_32bit/instances_seq/g_outM_reg[34]",
"type":"instance"},
{"sequential":"true",
"gint_phase_inversion":"false",
"latch":"false",
"object":"/designs/pipeline_multi_4in_32bit/instances_seq/g_outM_reg[3]",
"type":"instance"},
{"sequential":"true",
"gint_phase_inversion":"false",
"latch":"false",
"object":"/designs/pipeline_multi_4in_32bit/instances_seq/g_outM_reg[2]",
"type":"instance"},
{"sequential":"true",
"gint_phase_inversion":"false",
"latch":"false",
"object":"/designs/pipeline_multi_4in_32bit/instances_seq/stage3_result_reg[14]",
"type":"instance"},
{"sequential":"true",
"gint_phase_inversion":"false",
"latch":"false",
"object":"/designs/pipeline_multi_4in_32bit/instances_seq/stage3_result_reg[0]",
"type":"instance"},
{"sequential":"true",
"gint_phase_inversion":"false",
"latch":"false",
"object":"/designs/pipeline_multi_4in_32bit/instances_seq/stage3_result_reg[62]",
"type":"instance"},
{"sequential":"true",
"gint_phase_inversion":"false",
"latch":"false",
"object":"/designs/pipeline_multi_4in_32bit/instances_seq/stage3_result_reg[1]",
"type":"instance"},
{"sequential":"true",
"gint_phase_inversion":"false",
"latch":"false",
"object":"/designs/pipeline_multi_4in_32bit/instances_seq/stage3_result_reg[2]",
"type":"instance"},
{"sequential":"true",
"gint_phase_inversion":"false",
"latch":"false",
"object":"/designs/pipeline_multi_4in_32bit/instances_seq/stage3_result_reg[3]",
"type":"instance"},
{"sequential":"true",
"gint_phase_inversion":"false",
"latch":"false",
"object":"/designs/pipeline_multi_4in_32bit/instances_seq/stage3_result_reg[13]",
"type":"instance"},
{"sequential":"true",
"gint_phase_inversion":"false",
"latch":"false",
"object":"/designs/pipeline_multi_4in_32bit/instances_seq/stage3_result_reg[4]",
"type":"instance"},
{"sequential":"true",
"gint_phase_inversion":"false",
"latch":"false",
"object":"/designs/pipeline_multi_4in_32bit/instances_seq/stage3_result_reg[5]",
"type":"instance"},
{"sequential":"true",
"gint_phase_inversion":"false",
"latch":"false",
"object":"/designs/pipeline_multi_4in_32bit/instances_seq/stage3_result_reg[6]",
"type":"instance"},
{"sequential":"true",
"gint_phase_inversion":"false",
"latch":"false",
"object":"/designs/pipeline_multi_4in_32bit/instances_seq/stage3_result_reg[7]",
"type":"instance"},
{"sequential":"true",
"gint_phase_inversion":"false",
"latch":"false",
"object":"/designs/pipeline_multi_4in_32bit/instances_seq/stage3_result_reg[8]",
"type":"instance"},
{"sequential":"true",
"gint_phase_inversion":"false",
"latch":"false",
"object":"/designs/pipeline_multi_4in_32bit/instances_seq/stage3_result_reg[9]",
"type":"instance"},
{"sequential":"true",
"gint_phase_inversion":"false",
"latch":"false",
"object":"/designs/pipeline_multi_4in_32bit/instances_seq/stage3_result_reg[10]",
"type":"instance"},
{"sequential":"true",
"gint_phase_inversion":"false",
"latch":"false",
"object":"/designs/pipeline_multi_4in_32bit/instances_seq/stage3_result_reg[11]",
"type":"instance"},
{"sequential":"true",
"gint_phase_inversion":"false",
"latch":"false",
"object":"/designs/pipeline_multi_4in_32bit/instances_seq/stage3_result_reg[12]",
"type":"instance"},
{"sequential":"true",
"gint_phase_inversion":"false",
"latch":"false",
"object":"/designs/pipeline_multi_4in_32bit/instances_seq/stage3_result_reg[63]",
"type":"instance"},
{"sequential":"true",
"gint_phase_inversion":"false",
"latch":"false",
"object":"/designs/pipeline_multi_4in_32bit/instances_seq/stage3_result_reg[15]",
"type":"instance"},
{"sequential":"true",
"gint_phase_inversion":"false",
"latch":"false",
"object":"/designs/pipeline_multi_4in_32bit/instances_seq/stage3_result_reg[61]",
"type":"instance"},
{"sequential":"true",
"gint_phase_inversion":"false",
"latch":"false",
"object":"/designs/pipeline_multi_4in_32bit/instances_seq/stage3_result_reg[16]",
"type":"instance"},
{"sequential":"true",
"gint_phase_inversion":"false",
"latch":"false",
"object":"/designs/pipeline_multi_4in_32bit/instances_seq/stage3_result_reg[17]",
"type":"instance"},
{"sequential":"true",
"gint_phase_inversion":"false",
"latch":"false",
"object":"/designs/pipeline_multi_4in_32bit/instances_seq/stage3_result_reg[18]",
"type":"instance"},
{"sequential":"true",
"gint_phase_inversion":"false",
"latch":"false",
"object":"/designs/pipeline_multi_4in_32bit/instances_seq/stage3_result_reg[19]",
"type":"instance"},
{"sequential":"true",
"gint_phase_inversion":"false",
"latch":"false",
"object":"/designs/pipeline_multi_4in_32bit/instances_seq/stage3_result_reg[20]",
"type":"instance"},
{"sequential":"true",
"gint_phase_inversion":"false",
"latch":"false",
"object":"/designs/pipeline_multi_4in_32bit/instances_seq/stage3_result_reg[21]",
"type":"instance"},
{"sequential":"true",
"gint_phase_inversion":"false",
"latch":"false",
"object":"/designs/pipeline_multi_4in_32bit/instances_seq/stage3_result_reg[22]",
"type":"instance"},
{"sequential":"true",
"gint_phase_inversion":"false",
"latch":"false",
"object":"/designs/pipeline_multi_4in_32bit/instances_seq/stage3_result_reg[23]",
"type":"instance"},
{"sequential":"true",
"gint_phase_inversion":"false",
"latch":"false",
"object":"/designs/pipeline_multi_4in_32bit/instances_seq/stage3_result_reg[24]",
"type":"instance"},
{"sequential":"true",
"gint_phase_inversion":"false",
"latch":"false",
"object":"/designs/pipeline_multi_4in_32bit/instances_seq/stage3_result_reg[25]",
"type":"instance"},
{"sequential":"true",
"gint_phase_inversion":"false",
"latch":"false",
"object":"/designs/pipeline_multi_4in_32bit/instances_seq/stage3_result_reg[26]",
"type":"instance"},
{"sequential":"true",
"gint_phase_inversion":"false",
"latch":"false",
"object":"/designs/pipeline_multi_4in_32bit/instances_seq/stage3_result_reg[27]",
"type":"instance"},
{"sequential":"true",
"gint_phase_inversion":"false",
"latch":"false",
"object":"/designs/pipeline_multi_4in_32bit/instances_seq/stage3_result_reg[28]",
"type":"instance"},
{"sequential":"true",
"gint_phase_inversion":"false",
"latch":"false",
"object":"/designs/pipeline_multi_4in_32bit/instances_seq/stage3_result_reg[46]",
"type":"instance"},
{"sequential":"true",
"gint_phase_inversion":"false",
"latch":"false",
"object":"/designs/pipeline_multi_4in_32bit/instances_seq/stage3_result_reg[31]",
"type":"instance"},
{"sequential":"true",
"gint_phase_inversion":"false",
"latch":"false",
"object":"/designs/pipeline_multi_4in_32bit/instances_seq/stage3_result_reg[30]",
"type":"instance"},
{"sequential":"true",
"gint_phase_inversion":"false",
"latch":"false",
"object":"/designs/pipeline_multi_4in_32bit/instances_seq/stage3_result_reg[32]",
"type":"instance"},
{"sequential":"true",
"gint_phase_inversion":"false",
"latch":"false",
"object":"/designs/pipeline_multi_4in_32bit/instances_seq/stage3_result_reg[33]",
"type":"instance"},
{"sequential":"true",
"gint_phase_inversion":"false",
"latch":"false",
"object":"/designs/pipeline_multi_4in_32bit/instances_seq/stage3_result_reg[34]",
"type":"instance"},
{"sequential":"true",
"gint_phase_inversion":"false",
"latch":"false",
"object":"/designs/pipeline_multi_4in_32bit/instances_seq/stage3_result_reg[35]",
"type":"instance"},
{"sequential":"true",
"gint_phase_inversion":"false",
"latch":"false",
"object":"/designs/pipeline_multi_4in_32bit/instances_seq/stage3_result_reg[36]",
"type":"instance"},
{"sequential":"true",
"gint_phase_inversion":"false",
"latch":"false",
"object":"/designs/pipeline_multi_4in_32bit/instances_seq/stage3_result_reg[37]",
"type":"instance"},
{"sequential":"true",
"gint_phase_inversion":"false",
"latch":"false",
"object":"/designs/pipeline_multi_4in_32bit/instances_seq/stage3_result_reg[38]",
"type":"instance"},
{"sequential":"true",
"gint_phase_inversion":"false",
"latch":"false",
"object":"/designs/pipeline_multi_4in_32bit/instances_seq/stage3_result_reg[39]",
"type":"instance"},
{"sequential":"true",
"gint_phase_inversion":"false",
"latch":"false",
"object":"/designs/pipeline_multi_4in_32bit/instances_seq/stage3_result_reg[40]",
"type":"instance"},
{"sequential":"true",
"gint_phase_inversion":"false",
"latch":"false",
"object":"/designs/pipeline_multi_4in_32bit/instances_seq/stage3_result_reg[41]",
"type":"instance"},
{"sequential":"true",
"gint_phase_inversion":"false",
"latch":"false",
"object":"/designs/pipeline_multi_4in_32bit/instances_seq/stage3_result_reg[42]",
"type":"instance"},
{"sequential":"true",
"gint_phase_inversion":"false",
"latch":"false",
"object":"/designs/pipeline_multi_4in_32bit/instances_seq/stage3_result_reg[43]",
"type":"instance"},
{"sequential":"true",
"gint_phase_inversion":"false",
"latch":"false",
"object":"/designs/pipeline_multi_4in_32bit/instances_seq/stage3_result_reg[44]",
"type":"instance"},
{"sequential":"true",
"gint_phase_inversion":"false",
"latch":"false",
"object":"/designs/pipeline_multi_4in_32bit/instances_seq/stage3_result_reg[45]",
"type":"instance"},
{"sequential":"true",
"gint_phase_inversion":"false",
"latch":"false",
"object":"/designs/pipeline_multi_4in_32bit/instances_seq/stage3_result_reg[47]",
"type":"instance"},
{"sequential":"true",
"gint_phase_inversion":"false",
"latch":"false",
"object":"/designs/pipeline_multi_4in_32bit/instances_seq/stage3_result_reg[29]",
"type":"instance"},
{"sequential":"true",
"gint_phase_inversion":"false",
"latch":"false",
"object":"/designs/pipeline_multi_4in_32bit/instances_seq/stage3_result_reg[48]",
"type":"instance"},
{"sequential":"true",
"gint_phase_inversion":"false",
"latch":"false",
"object":"/designs/pipeline_multi_4in_32bit/instances_seq/stage3_result_reg[49]",
"type":"instance"},
{"sequential":"true",
"gint_phase_inversion":"false",
"latch":"false",
"object":"/designs/pipeline_multi_4in_32bit/instances_seq/stage3_result_reg[50]",
"type":"instance"},
{"sequential":"true",
"gint_phase_inversion":"false",
"latch":"false",
"object":"/designs/pipeline_multi_4in_32bit/instances_seq/stage3_result_reg[51]",
"type":"instance"},
{"sequential":"true",
"gint_phase_inversion":"false",
"latch":"false",
"object":"/designs/pipeline_multi_4in_32bit/instances_seq/stage3_result_reg[52]",
"type":"instance"},
{"sequential":"true",
"gint_phase_inversion":"false",
"latch":"false",
"object":"/designs/pipeline_multi_4in_32bit/instances_seq/stage3_result_reg[53]",
"type":"instance"},
{"sequential":"true",
"gint_phase_inversion":"false",
"latch":"false",
"object":"/designs/pipeline_multi_4in_32bit/instances_seq/stage3_result_reg[54]",
"type":"instance"},
{"sequential":"true",
"gint_phase_inversion":"false",
"latch":"false",
"object":"/designs/pipeline_multi_4in_32bit/instances_seq/stage3_result_reg[55]",
"type":"instance"},
{"sequential":"true",
"gint_phase_inversion":"false",
"latch":"false",
"object":"/designs/pipeline_multi_4in_32bit/instances_seq/stage3_result_reg[56]",
"type":"instance"},
{"sequential":"true",
"gint_phase_inversion":"false",
"latch":"false",
"object":"/designs/pipeline_multi_4in_32bit/instances_seq/stage3_result_reg[57]",
"type":"instance"},
{"sequential":"true",
"gint_phase_inversion":"false",
"latch":"false",
"object":"/designs/pipeline_multi_4in_32bit/instances_seq/stage3_result_reg[58]",
"type":"instance"},
{"sequential":"true",
"gint_phase_inversion":"false",
"latch":"false",
"object":"/designs/pipeline_multi_4in_32bit/instances_seq/stage3_result_reg[59]",
"type":"instance"},
{"sequential":"true",
"gint_phase_inversion":"false",
"latch":"false",
"object":"/designs/pipeline_multi_4in_32bit/instances_seq/stage3_result_reg[60]",
"type":"instance"},
{"sequential":"true",
"gint_phase_inversion":"false",
"latch":"false",
"object":"/designs/pipeline_multi_4in_32bit/instances_seq/stage1_result_reg[31]",
"type":"instance"},
{"sequential":"true",
"gint_phase_inversion":"false",
"latch":"false",
"object":"/designs/pipeline_multi_4in_32bit/instances_seq/stage1_result_reg[26]",
"type":"instance"},
{"sequential":"true",
"gint_phase_inversion":"false",
"latch":"false",
"object":"/designs/pipeline_multi_4in_32bit/instances_seq/stage2_result_reg[13]",
"type":"instance"},
{"sequential":"true",
"gint_phase_inversion":"false",
"latch":"false",
"object":"/designs/pipeline_multi_4in_32bit/instances_seq/stage2_result_reg[19]",
"type":"instance"},
{"sequential":"true",
"gint_phase_inversion":"false",
"latch":"false",
"object":"/designs/pipeline_multi_4in_32bit/instances_seq/stage1_result_reg[40]",
"type":"instance"},
{"sequential":"true",
"gint_phase_inversion":"false",
"latch":"false",
"object":"/designs/pipeline_multi_4in_32bit/instances_seq/stage2_result_reg[4]",
"type":"instance"},
{"sequential":"true",
"gint_phase_inversion":"false",
"latch":"false",
"object":"/designs/pipeline_multi_4in_32bit/instances_seq/stage1_result_reg[49]",
"type":"instance"},
{"sequential":"true",
"gint_phase_inversion":"false",
"latch":"false",
"object":"/designs/pipeline_multi_4in_32bit/instances_seq/stage1_result_reg[4]",
"type":"instance"},
{"sequential":"true",
"gint_phase_inversion":"false",
"latch":"false",
"object":"/designs/pipeline_multi_4in_32bit/instances_seq/stage1_result_reg[62]",
"type":"instance"},
{"sequential":"true",
"gint_phase_inversion":"false",
"latch":"false",
"object":"/designs/pipeline_multi_4in_32bit/instances_seq/stage1_result_reg[55]",
"type":"instance"},
{"sequential":"true",
"gint_phase_inversion":"false",
"latch":"false",
"object":"/designs/pipeline_multi_4in_32bit/instances_seq/stage1_result_reg[44]",
"type":"instance"},
{"sequential":"true",
"gint_phase_inversion":"false",
"latch":"false",
"object":"/designs/pipeline_multi_4in_32bit/instances_seq/stage1_result_reg[29]",
"type":"instance"},
{"sequential":"true",
"gint_phase_inversion":"false",
"latch":"false",
"object":"/designs/pipeline_multi_4in_32bit/instances_seq/stage1_result_reg[21]",
"type":"instance"},
{"sequential":"true",
"gint_phase_inversion":"false",
"latch":"false",
"object":"/designs/pipeline_multi_4in_32bit/instances_seq/stage1_result_reg[8]",
"type":"instance"},
{"sequential":"true",
"gint_phase_inversion":"false",
"latch":"false",
"object":"/designs/pipeline_multi_4in_32bit/instances_seq/stage2_result_reg[10]",
"type":"instance"},
{"sequential":"true",
"gint_phase_inversion":"false",
"latch":"false",
"object":"/designs/pipeline_multi_4in_32bit/instances_seq/stage2_result_reg[47]",
"type":"instance"},
{"sequential":"true",
"gint_phase_inversion":"false",
"latch":"false",
"object":"/designs/pipeline_multi_4in_32bit/instances_seq/stage2_result_reg[14]",
"type":"instance"},
{"sequential":"true",
"gint_phase_inversion":"false",
"latch":"false",
"object":"/designs/pipeline_multi_4in_32bit/instances_seq/stage2_result_reg[18]",
"type":"instance"},
{"sequential":"true",
"gint_phase_inversion":"false",
"latch":"false",
"object":"/designs/pipeline_multi_4in_32bit/instances_seq/stage2_result_reg[34]",
"type":"instance"},
{"sequential":"true",
"gint_phase_inversion":"false",
"latch":"false",
"object":"/designs/pipeline_multi_4in_32bit/instances_seq/stage1_result_reg[58]",
"type":"instance"},
{"sequential":"true",
"gint_phase_inversion":"false",
"latch":"false",
"object":"/designs/pipeline_multi_4in_32bit/instances_seq/stage2_result_reg[2]",
"type":"instance"},
{"sequential":"true",
"gint_phase_inversion":"false",
"latch":"false",
"object":"/designs/pipeline_multi_4in_32bit/instances_seq/stage2_result_reg[1]",
"type":"instance"},
{"sequential":"true",
"gint_phase_inversion":"false",
"latch":"false",
"object":"/designs/pipeline_multi_4in_32bit/instances_seq/stage2_result_reg[0]",
"type":"instance"},
{"sequential":"true",
"gint_phase_inversion":"false",
"latch":"false",
"object":"/designs/pipeline_multi_4in_32bit/instances_seq/stage1_result_reg[5]",
"type":"instance"},
{"sequential":"true",
"gint_phase_inversion":"false",
"latch":"false",
"object":"/designs/pipeline_multi_4in_32bit/instances_seq/stage1_result_reg[3]",
"type":"instance"},
{"sequential":"true",
"gint_phase_inversion":"false",
"latch":"false",
"object":"/designs/pipeline_multi_4in_32bit/instances_seq/stage1_result_reg[19]",
"type":"instance"},
{"sequential":"true",
"gint_phase_inversion":"false",
"latch":"false",
"object":"/designs/pipeline_multi_4in_32bit/instances_seq/stage1_result_reg[12]",
"type":"instance"},
{"sequential":"true",
"gint_phase_inversion":"false",
"latch":"false",
"object":"/designs/pipeline_multi_4in_32bit/instances_seq/stage1_result_reg[7]",
"type":"instance"},
{"sequential":"true",
"gint_phase_inversion":"false",
"latch":"false",
"object":"/designs/pipeline_multi_4in_32bit/instances_seq/stage1_result_reg[11]",
"type":"instance"},
{"sequential":"true",
"gint_phase_inversion":"false",
"latch":"false",
"object":"/designs/pipeline_multi_4in_32bit/instances_seq/stage1_result_reg[13]",
"type":"instance"},
{"sequential":"true",
"gint_phase_inversion":"false",
"latch":"false",
"object":"/designs/pipeline_multi_4in_32bit/instances_seq/stage2_result_reg[30]",
"type":"instance"},
{"sequential":"true",
"gint_phase_inversion":"false",
"latch":"false",
"object":"/designs/pipeline_multi_4in_32bit/instances_seq/stage1_result_reg[23]",
"type":"instance"},
{"sequential":"true",
"gint_phase_inversion":"false",
"latch":"false",
"object":"/designs/pipeline_multi_4in_32bit/instances_seq/stage1_result_reg[52]",
"type":"instance"},
{"sequential":"true",
"gint_phase_inversion":"false",
"latch":"false",
"object":"/designs/pipeline_multi_4in_32bit/instances_seq/stage1_result_reg[27]",
"type":"instance"},
{"sequential":"true",
"gint_phase_inversion":"false",
"latch":"false",
"object":"/designs/pipeline_multi_4in_32bit/instances_seq/stage1_result_reg[45]",
"type":"instance"},
{"sequential":"true",
"gint_phase_inversion":"false",
"latch":"false",
"object":"/designs/pipeline_multi_4in_32bit/instances_seq/stage1_result_reg[37]",
"type":"instance"},
{"sequential":"true",
"gint_phase_inversion":"false",
"latch":"false",
"object":"/designs/pipeline_multi_4in_32bit/instances_seq/stage1_result_reg[35]",
"type":"instance"},
{"sequential":"true",
"gint_phase_inversion":"false",
"latch":"false",
"object":"/designs/pipeline_multi_4in_32bit/instances_seq/stage1_result_reg[39]",
"type":"instance"},
{"sequential":"true",
"gint_phase_inversion":"false",
"latch":"false",
"object":"/designs/pipeline_multi_4in_32bit/instances_seq/stage1_result_reg[43]",
"type":"instance"},
{"sequential":"true",
"gint_phase_inversion":"false",
"latch":"false",
"object":"/designs/pipeline_multi_4in_32bit/instances_seq/stage1_result_reg[51]",
"type":"instance"},
{"sequential":"true",
"gint_phase_inversion":"false",
"latch":"false",
"object":"/designs/pipeline_multi_4in_32bit/instances_seq/stage2_result_reg[29]",
"type":"instance"},
{"sequential":"true",
"gint_phase_inversion":"false",
"latch":"false",
"object":"/designs/pipeline_multi_4in_32bit/instances_seq/stage2_result_reg[3]",
"type":"instance"},
{"sequential":"true",
"gint_phase_inversion":"false",
"latch":"false",
"object":"/designs/pipeline_multi_4in_32bit/instances_seq/stage1_result_reg[63]",
"type":"instance"},
{"sequential":"true",
"gint_phase_inversion":"false",
"latch":"false",
"object":"/designs/pipeline_multi_4in_32bit/instances_seq/stage2_result_reg[46]",
"type":"instance"},
{"sequential":"true",
"gint_phase_inversion":"false",
"latch":"false",
"object":"/designs/pipeline_multi_4in_32bit/instances_seq/stage1_result_reg[61]",
"type":"instance"},
{"sequential":"true",
"gint_phase_inversion":"false",
"latch":"false",
"object":"/designs/pipeline_multi_4in_32bit/instances_seq/stage1_result_reg[60]",
"type":"instance"},
{"sequential":"true",
"gint_phase_inversion":"false",
"latch":"false",
"object":"/designs/pipeline_multi_4in_32bit/instances_seq/stage1_result_reg[47]",
"type":"instance"},
{"sequential":"true",
"gint_phase_inversion":"false",
"latch":"false",
"object":"/designs/pipeline_multi_4in_32bit/instances_seq/stage1_result_reg[57]",
"type":"instance"},
{"sequential":"true",
"gint_phase_inversion":"false",
"latch":"false",
"object":"/designs/pipeline_multi_4in_32bit/instances_seq/stage1_result_reg[56]",
"type":"instance"},
{"sequential":"true",
"gint_phase_inversion":"false",
"latch":"false",
"object":"/designs/pipeline_multi_4in_32bit/instances_seq/stage1_result_reg[54]",
"type":"instance"},
{"sequential":"true",
"gint_phase_inversion":"false",
"latch":"false",
"object":"/designs/pipeline_multi_4in_32bit/instances_seq/stage1_result_reg[53]",
"type":"instance"},
{"sequential":"true",
"gint_phase_inversion":"false",
"latch":"false",
"object":"/designs/pipeline_multi_4in_32bit/instances_seq/stage2_result_reg[38]",
"type":"instance"},
{"sequential":"true",
"gint_phase_inversion":"false",
"latch":"false",
"object":"/designs/pipeline_multi_4in_32bit/instances_seq/stage2_result_reg[12]",
"type":"instance"},
{"sequential":"true",
"gint_phase_inversion":"false",
"latch":"false",
"object":"/designs/pipeline_multi_4in_32bit/instances_seq/stage2_result_reg[11]",
"type":"instance"},
{"sequential":"true",
"gint_phase_inversion":"false",
"latch":"false",
"object":"/designs/pipeline_multi_4in_32bit/instances_seq/stage1_result_reg[50]",
"type":"instance"},
{"sequential":"true",
"gint_phase_inversion":"false",
"latch":"false",
"object":"/designs/pipeline_multi_4in_32bit/instances_seq/stage1_result_reg[48]",
"type":"instance"},
{"sequential":"true",
"gint_phase_inversion":"false",
"latch":"false",
"object":"/designs/pipeline_multi_4in_32bit/instances_seq/stage2_result_reg[5]",
"type":"instance"},
{"sequential":"true",
"gint_phase_inversion":"false",
"latch":"false",
"object":"/designs/pipeline_multi_4in_32bit/instances_seq/stage1_result_reg[46]",
"type":"instance"},
{"sequential":"true",
"gint_phase_inversion":"false",
"latch":"false",
"object":"/designs/pipeline_multi_4in_32bit/instances_seq/stage2_result_reg[39]",
"type":"instance"},
{"sequential":"true",
"gint_phase_inversion":"false",
"latch":"false",
"object":"/designs/pipeline_multi_4in_32bit/instances_seq/stage2_result_reg[7]",
"type":"instance"},
{"sequential":"true",
"gint_phase_inversion":"false",
"latch":"false",
"object":"/designs/pipeline_multi_4in_32bit/instances_seq/stage1_result_reg[42]",
"type":"instance"},
{"sequential":"true",
"gint_phase_inversion":"false",
"latch":"false",
"object":"/designs/pipeline_multi_4in_32bit/instances_seq/stage1_result_reg[41]",
"type":"instance"},
{"sequential":"true",
"gint_phase_inversion":"false",
"latch":"false",
"object":"/designs/pipeline_multi_4in_32bit/instances_seq/stage2_result_reg[9]",
"type":"instance"},
{"sequential":"true",
"gint_phase_inversion":"false",
"latch":"false",
"object":"/designs/pipeline_multi_4in_32bit/instances_seq/stage1_result_reg[38]",
"type":"instance"},
{"sequential":"true",
"gint_phase_inversion":"false",
"latch":"false",
"object":"/designs/pipeline_multi_4in_32bit/instances_seq/stage2_result_reg[57]",
"type":"instance"},
{"sequential":"true",
"gint_phase_inversion":"false",
"latch":"false",
"object":"/designs/pipeline_multi_4in_32bit/instances_seq/stage1_result_reg[34]",
"type":"instance"},
{"sequential":"true",
"gint_phase_inversion":"false",
"latch":"false",
"object":"/designs/pipeline_multi_4in_32bit/instances_seq/stage1_result_reg[33]",
"type":"instance"},
{"sequential":"true",
"gint_phase_inversion":"false",
"latch":"false",
"object":"/designs/pipeline_multi_4in_32bit/instances_seq/stage1_result_reg[32]",
"type":"instance"},
{"sequential":"true",
"gint_phase_inversion":"false",
"latch":"false",
"object":"/designs/pipeline_multi_4in_32bit/instances_seq/stage1_result_reg[30]",
"type":"instance"},
{"sequential":"true",
"gint_phase_inversion":"false",
"latch":"false",
"object":"/designs/pipeline_multi_4in_32bit/instances_seq/stage1_result_reg[28]",
"type":"instance"},
{"sequential":"true",
"gint_phase_inversion":"false",
"latch":"false",
"object":"/designs/pipeline_multi_4in_32bit/instances_seq/stage2_result_reg[15]",
"type":"instance"},
{"sequential":"true",
"gint_phase_inversion":"false",
"latch":"false",
"object":"/designs/pipeline_multi_4in_32bit/instances_seq/stage2_result_reg[54]",
"type":"instance"},
{"sequential":"true",
"gint_phase_inversion":"false",
"latch":"false",
"object":"/designs/pipeline_multi_4in_32bit/instances_seq/stage1_result_reg[25]",
"type":"instance"},
{"sequential":"true",
"gint_phase_inversion":"false",
"latch":"false",
"object":"/designs/pipeline_multi_4in_32bit/instances_seq/stage1_result_reg[24]",
"type":"instance"},
{"sequential":"true",
"gint_phase_inversion":"false",
"latch":"false",
"object":"/designs/pipeline_multi_4in_32bit/instances_seq/stage2_result_reg[44]",
"type":"instance"},
{"sequential":"true",
"gint_phase_inversion":"false",
"latch":"false",
"object":"/designs/pipeline_multi_4in_32bit/instances_seq/stage1_result_reg[22]",
"type":"instance"},
{"sequential":"true",
"gint_phase_inversion":"false",
"latch":"false",
"object":"/designs/pipeline_multi_4in_32bit/instances_seq/stage1_result_reg[20]",
"type":"instance"},
{"sequential":"true",
"gint_phase_inversion":"false",
"latch":"false",
"object":"/designs/pipeline_multi_4in_32bit/instances_seq/stage1_result_reg[18]",
"type":"instance"},
{"sequential":"true",
"gint_phase_inversion":"false",
"latch":"false",
"object":"/designs/pipeline_multi_4in_32bit/instances_seq/stage1_result_reg[17]",
"type":"instance"},
{"sequential":"true",
"gint_phase_inversion":"false",
"latch":"false",
"object":"/designs/pipeline_multi_4in_32bit/instances_seq/stage1_result_reg[15]",
"type":"instance"},
{"sequential":"true",
"gint_phase_inversion":"false",
"latch":"false",
"object":"/designs/pipeline_multi_4in_32bit/instances_seq/stage2_result_reg[21]",
"type":"instance"},
{"sequential":"true",
"gint_phase_inversion":"false",
"latch":"false",
"object":"/designs/pipeline_multi_4in_32bit/instances_seq/stage1_result_reg[14]",
"type":"instance"},
{"sequential":"true",
"gint_phase_inversion":"false",
"latch":"false",
"object":"/designs/pipeline_multi_4in_32bit/instances_seq/stage2_result_reg[27]",
"type":"instance"},
{"sequential":"true",
"gint_phase_inversion":"false",
"latch":"false",
"object":"/designs/pipeline_multi_4in_32bit/instances_seq/stage1_result_reg[10]",
"type":"instance"},
{"sequential":"true",
"gint_phase_inversion":"false",
"latch":"false",
"object":"/designs/pipeline_multi_4in_32bit/instances_seq/stage1_result_reg[9]",
"type":"instance"},
{"sequential":"true",
"gint_phase_inversion":"false",
"latch":"false",
"object":"/designs/pipeline_multi_4in_32bit/instances_seq/stage2_result_reg[50]",
"type":"instance"},
{"sequential":"true",
"gint_phase_inversion":"false",
"latch":"false",
"object":"/designs/pipeline_multi_4in_32bit/instances_seq/stage2_result_reg[25]",
"type":"instance"},
{"sequential":"true",
"gint_phase_inversion":"false",
"latch":"false",
"object":"/designs/pipeline_multi_4in_32bit/instances_seq/stage1_result_reg[6]",
"type":"instance"},
{"sequential":"true",
"gint_phase_inversion":"false",
"latch":"false",
"object":"/designs/pipeline_multi_4in_32bit/instances_seq/stage2_result_reg[24]",
"type":"instance"},
{"sequential":"true",
"gint_phase_inversion":"false",
"latch":"false",
"object":"/designs/pipeline_multi_4in_32bit/instances_seq/stage1_result_reg[2]",
"type":"instance"},
{"sequential":"true",
"gint_phase_inversion":"false",
"latch":"false",
"object":"/designs/pipeline_multi_4in_32bit/instances_seq/stage1_result_reg[1]",
"type":"instance"},
{"sequential":"true",
"gint_phase_inversion":"false",
"latch":"false",
"object":"/designs/pipeline_multi_4in_32bit/instances_seq/stage1_result_reg[0]",
"type":"instance"},
{"sequential":"true",
"gint_phase_inversion":"false",
"latch":"false",
"object":"/designs/pipeline_multi_4in_32bit/instances_seq/stage2_result_reg[62]",
"type":"instance"},
{"sequential":"true",
"gint_phase_inversion":"false",
"latch":"false",
"object":"/designs/pipeline_multi_4in_32bit/instances_seq/stage2_result_reg[61]",
"type":"instance"},
{"sequential":"true",
"gint_phase_inversion":"false",
"latch":"false",
"object":"/designs/pipeline_multi_4in_32bit/instances_seq/stage2_result_reg[60]",
"type":"instance"},
{"sequential":"true",
"gint_phase_inversion":"false",
"latch":"false",
"object":"/designs/pipeline_multi_4in_32bit/instances_seq/stage2_result_reg[58]",
"type":"instance"},
{"sequential":"true",
"gint_phase_inversion":"false",
"latch":"false",
"object":"/designs/pipeline_multi_4in_32bit/instances_seq/stage1_result_reg[36]",
"type":"instance"},
{"sequential":"true",
"gint_phase_inversion":"false",
"latch":"false",
"object":"/designs/pipeline_multi_4in_32bit/instances_seq/stage2_result_reg[56]",
"type":"instance"},
{"sequential":"true",
"gint_phase_inversion":"false",
"latch":"false",
"object":"/designs/pipeline_multi_4in_32bit/instances_seq/stage2_result_reg[63]",
"type":"instance"},
{"sequential":"true",
"gint_phase_inversion":"false",
"latch":"false",
"object":"/designs/pipeline_multi_4in_32bit/instances_seq/stage2_result_reg[53]",
"type":"instance"},
{"sequential":"true",
"gint_phase_inversion":"false",
"latch":"false",
"object":"/designs/pipeline_multi_4in_32bit/instances_seq/stage2_result_reg[52]",
"type":"instance"},
{"sequential":"true",
"gint_phase_inversion":"false",
"latch":"false",
"object":"/designs/pipeline_multi_4in_32bit/instances_seq/stage2_result_reg[17]",
"type":"instance"},
{"sequential":"true",
"gint_phase_inversion":"false",
"latch":"false",
"object":"/designs/pipeline_multi_4in_32bit/instances_seq/stage2_result_reg[49]",
"type":"instance"},
{"sequential":"true",
"gint_phase_inversion":"false",
"latch":"false",
"object":"/designs/pipeline_multi_4in_32bit/instances_seq/stage2_result_reg[48]",
"type":"instance"},
{"sequential":"true",
"gint_phase_inversion":"false",
"latch":"false",
"object":"/designs/pipeline_multi_4in_32bit/instances_seq/stage2_result_reg[37]",
"type":"instance"},
{"sequential":"true",
"gint_phase_inversion":"false",
"latch":"false",
"object":"/designs/pipeline_multi_4in_32bit/instances_seq/stage2_result_reg[36]",
"type":"instance"},
{"sequential":"true",
"gint_phase_inversion":"false",
"latch":"false",
"object":"/designs/pipeline_multi_4in_32bit/instances_seq/stage2_result_reg[43]",
"type":"instance"},
{"sequential":"true",
"gint_phase_inversion":"false",
"latch":"false",
"object":"/designs/pipeline_multi_4in_32bit/instances_seq/stage2_result_reg[42]",
"type":"instance"},
{"sequential":"true",
"gint_phase_inversion":"false",
"latch":"false",
"object":"/designs/pipeline_multi_4in_32bit/instances_seq/stage2_result_reg[41]",
"type":"instance"},
{"sequential":"true",
"gint_phase_inversion":"false",
"latch":"false",
"object":"/designs/pipeline_multi_4in_32bit/instances_seq/stage2_result_reg[40]",
"type":"instance"},
{"sequential":"true",
"gint_phase_inversion":"false",
"latch":"false",
"object":"/designs/pipeline_multi_4in_32bit/instances_seq/stage2_result_reg[31]",
"type":"instance"},
{"sequential":"true",
"gint_phase_inversion":"false",
"latch":"false",
"object":"/designs/pipeline_multi_4in_32bit/instances_seq/stage2_result_reg[33]",
"type":"instance"},
{"sequential":"true",
"gint_phase_inversion":"false",
"latch":"false",
"object":"/designs/pipeline_multi_4in_32bit/instances_seq/stage2_result_reg[32]",
"type":"instance"},
{"sequential":"true",
"gint_phase_inversion":"false",
"latch":"false",
"object":"/designs/pipeline_multi_4in_32bit/instances_seq/stage2_result_reg[45]",
"type":"instance"},
{"sequential":"true",
"gint_phase_inversion":"false",
"latch":"false",
"object":"/designs/pipeline_multi_4in_32bit/instances_seq/stage2_result_reg[28]",
"type":"instance"},
{"sequential":"true",
"gint_phase_inversion":"false",
"latch":"false",
"object":"/designs/pipeline_multi_4in_32bit/instances_seq/stage2_result_reg[51]",
"type":"instance"},
{"sequential":"true",
"gint_phase_inversion":"false",
"latch":"false",
"object":"/designs/pipeline_multi_4in_32bit/instances_seq/stage2_result_reg[26]",
"type":"instance"},
{"sequential":"true",
"gint_phase_inversion":"false",
"latch":"false",
"object":"/designs/pipeline_multi_4in_32bit/instances_seq/stage2_result_reg[22]",
"type":"instance"},
{"sequential":"true",
"gint_phase_inversion":"false",
"latch":"false",
"object":"/designs/pipeline_multi_4in_32bit/instances_seq/stage1_result_reg[59]",
"type":"instance"},
{"sequential":"true",
"gint_phase_inversion":"false",
"latch":"false",
"object":"/designs/pipeline_multi_4in_32bit/instances_seq/stage2_result_reg[59]",
"type":"instance"},
{"sequential":"true",
"gint_phase_inversion":"false",
"latch":"false",
"object":"/designs/pipeline_multi_4in_32bit/instances_seq/stage2_result_reg[16]",
"type":"instance"},
{"sequential":"true",
"gint_phase_inversion":"false",
"latch":"false",
"object":"/designs/pipeline_multi_4in_32bit/instances_seq/stage2_result_reg[55]",
"type":"instance"},
{"sequential":"true",
"gint_phase_inversion":"false",
"latch":"false",
"object":"/designs/pipeline_multi_4in_32bit/instances_seq/stage2_result_reg[23]",
"type":"instance"},
{"sequential":"true",
"gint_phase_inversion":"false",
"latch":"false",
"object":"/designs/pipeline_multi_4in_32bit/instances_seq/stage2_result_reg[8]",
"type":"instance"},
{"sequential":"true",
"gint_phase_inversion":"false",
"latch":"false",
"object":"/designs/pipeline_multi_4in_32bit/instances_seq/stage2_result_reg[6]",
"type":"instance"},
{"sequential":"true",
"gint_phase_inversion":"false",
"latch":"false",
"object":"/designs/pipeline_multi_4in_32bit/instances_seq/stage2_result_reg[35]",
"type":"instance"},
{"sequential":"true",
"gint_phase_inversion":"false",
"latch":"false",
"object":"/designs/pipeline_multi_4in_32bit/instances_seq/stage1_result_reg[16]",
"type":"instance"},
{"sequential":"true",
"gint_phase_inversion":"false",
"latch":"false",
"object":"/designs/pipeline_multi_4in_32bit/instances_seq/stage2_result_reg[20]",
"type":"instance"},
{"index": "1", 
 "date": "Thu Apr 17 02:31:22 UTC 2025",
 "seconds": 1744857082.158342,
 "netlist": "fv/pipeline_multi_4in_32bit/fv_map.v.gz", 
 "netlist_exists": "1", 
 "netlist_normalize": "/home/013/h/hx/hxs230028/verilog_design/Genus/fv/pipeline_multi_4in_32bit/fv_map.v.gz", 
 "netlist_mtime": "1744857081", 
 "netlist_timestamp": "Thu Apr 17 02:31:21 UTC 2025", 
 "netlist_size": "116825", 
 "netlist_cksum": "213815399", 
 "design_name": "pipeline_multi_4in_32bit", 
 "synth_workdir": "/home/013/h/hx/hxs230028/verilog_design/Genus", 
 "synthesis_command":"",
 "current_label": "fv_map", 
 "previous_label": "rtl", 
 "write_verif_file_runtime": 1.0526469999999999 
 }
]
